loss,train_loss,rmse,mae,r2,epoch,timestamp,checkpoint_dir_name,done,training_iteration,trial_id,date,time_this_iter_s,time_total_s,pid,hostname,node_ip,time_since_restore,iterations_since_restore
0.9490719196673947,61112.74985300096,0.9742032231588605,0.8138040775026222,-0.0001770817984227957,0,1744207758,,False,1,22e6d5cd,2025-04-09_09-09-18,732.7157664299011,732.7157664299011,3944802,gpua069.delta.ncsa.illinois.edu,141.142.254.69,732.7157664299011,1
0.9489051432256106,0.9500724538475523,0.974117622621858,0.8141645295246391,-1.3239445015855722e-06,1,1744208343,,False,2,22e6d5cd,2025-04-09_09-19-03,584.8192267417908,1317.534993171692,3944802,gpua069.delta.ncsa.illinois.edu,141.142.254.69,1317.534993171692,2
0.949055293459253,0.9504177246640194,0.9741946895222867,0.8138182312070013,-0.00015955956047397635,2,1744208932,,False,3,22e6d5cd,2025-04-09_09-28-52,589.5313889980316,1907.0663821697235,3944802,gpua069.delta.ncsa.illinois.edu,141.142.254.69,1907.0663821697235,3
0.9489900890564913,0.9494931253720463,0.9741612191455442,0.8138864993112921,-9.083583910918236e-05,3,1744209513,,False,4,22e6d5cd,2025-04-09_09-38-33,580.4934952259064,2487.55987739563,3944802,gpua069.delta.ncsa.illinois.edu,141.142.254.69,2487.55987739563,4
0.9489040969648571,0.9494909133840727,0.974117085995605,0.8141180332817479,-2.2217444195504754e-07,4,1744210088,,False,5,22e6d5cd,2025-04-09_09-48-08,574.7550301551819,3062.3149075508118,3944802,gpua069.delta.ncsa.illinois.edu,141.142.254.69,3062.3149075508118,5
0.9489047561777068,0.9494883980758335,0.9741174282642769,0.8141042613311179,-9.249006605038801e-07,5,1744210652,,False,6,22e6d5cd,2025-04-09_09-57-32,564.4714288711548,3626.7863364219666,3944802,gpua069.delta.ncsa.illinois.edu,141.142.254.69,3626.7863364219666,6
0.9489057599366103,0.9494884848819964,0.9741179397051094,0.8140919318566258,-1.9749618234143895e-06,6,1744211241,,False,7,22e6d5cd,2025-04-09_10-07-21,588.5516073703766,4215.337943792343,3944802,gpua069.delta.ncsa.illinois.edu,141.142.254.69,4215.337943792343,7
0.9489071710162972,0.9494859530927932,0.9741186680683974,0.8140793265241557,-3.4703967581872774e-06,7,1744211830,,False,8,22e6d5cd,2025-04-09_10-17-10,588.8398354053497,4804.177779197693,3944802,gpua069.delta.ncsa.illinois.edu,141.142.254.69,4804.177779197693,8
0.9489092809946107,0.9494833558872191,0.974119742500409,0.8140651449684642,-5.676362762274678e-06,8,1744212418,,False,9,22e6d5cd,2025-04-09_10-26-58,588.7969374656677,5392.974716663361,3944802,gpua069.delta.ncsa.illinois.edu,141.142.254.69,5392.974716663361,9
0.9489444911289016,0.9494903574019171,0.9741378198306845,0.8143301706769248,-4.279212961755263e-05,9,1744213007,,True,10,22e6d5cd,2025-04-09_10-36-47,588.855003118515,5981.829719781876,3944802,gpua069.delta.ncsa.illinois.edu,141.142.254.69,5981.829719781876,10
